{"inputUnits":[34],"outputUnits":5,"inputs":{"0":{"dtype":"number","min":229.59363851863273,"max":467.49446400424887},"1":{"dtype":"number","min":42.23409106159767,"max":304.7440057051809},"2":{"dtype":"number","min":227.68095972012821,"max":486.35640224285754},"3":{"dtype":"number","min":34.90527325903463,"max":295.5452557242172},"4":{"dtype":"number","min":222.9054426821584,"max":466.4673916405869},"5":{"dtype":"number","min":33.97787588614004,"max":295.8957652785392},"6":{"dtype":"number","min":233.8234640794423,"max":493.9631816425286},"7":{"dtype":"number","min":42.63643707215901,"max":291.0292906882005},"8":{"dtype":"number","min":214.49122021769918,"max":459.7008215474803},"9":{"dtype":"number","min":42.1329401622274,"max":285.8742001182154},"10":{"dtype":"number","min":273.9432702612923,"max":439.2863754547595},"11":{"dtype":"number","min":91.38317799707602,"max":291.284156487002},"12":{"dtype":"number","min":233.130977994982,"max":407.3483924791362},"13":{"dtype":"number","min":107.59660211455287,"max":289.218335365459},"14":{"dtype":"number","min":284.51632553606237,"max":431.50512635824043},"15":{"dtype":"number","min":48.850211874086256,"max":355.26501333969145},"16":{"dtype":"number","min":247.3619897556119,"max":394.32805289999084},"17":{"dtype":"number","min":76.22226201999953,"max":357.7234926279525},"18":{"dtype":"number","min":246.34597272668432,"max":440.11412235728477},"19":{"dtype":"number","min":11.672502484237938,"max":443.59061079415653},"20":{"dtype":"number","min":233.2148186458714,"max":434.427331995081},"21":{"dtype":"number","min":27.32839127033077,"max":449.40927486903024},"22":{"dtype":"number","min":288.89492696721186,"max":395.9877424630505},"23":{"dtype":"number","min":222.4009716487535,"max":406.22867279350174},"24":{"dtype":"number","min":292.68305668821574,"max":400.42386447244684},"25":{"dtype":"number","min":209.2221943816246,"max":401.7351860656143},"26":{"dtype":"number","min":276.5895065694292,"max":415.34067849201995},"27":{"dtype":"number","min":326.43804182086075,"max":478.81775798388617},"28":{"dtype":"number","min":274.2131200124878,"max":430.3570687515229},"29":{"dtype":"number","min":318.73868648536484,"max":457.4905901159691},"30":{"dtype":"number","min":235.31228465178788,"max":431.1622545268336},"31":{"dtype":"number","min":396.2441629926596,"max":538.5787557486669},"32":{"dtype":"number","min":235.203610544781,"max":443.13185425994453},"33":{"dtype":"number","min":409.0603881597983,"max":521.2049218785693}},"outputs":{"0":{"dtype":"string","min":0,"max":1,"uniqueValues":["a","b","c","d","e"],"legend":{"a":[1,0,0,0,0],"b":[0,1,0,0,0],"c":[0,0,1,0,0],"d":[0,0,0,1,0],"e":[0,0,0,0,1]}}},"isNormalized":true}